[
    {
    "vendor" : "Vendor 1",
    "TRADE A" : "12",
    "TRADE B" : "12",
    "TRADE C" : "N/A",
    "TRADE D" : "6"
    },
    {
    "vendor" : "Vendor 2",
    "TRADE A" : "10",
    "TRADE B" : "8",
    "TRADE C" : "20",
    "TRADE D" : "N/A"
    },
    {
    "vendor" : "Vendor 3",
    "TRADE A" : "N/A",
    "TRADE B" : "25",
    "TRADE C" : "3",
    "TRADE D" : "16"
    },
    {
    "vendor" : "Vendor 4",
    "TRADE A" : "9",
    "TRADE B" : "N/A",
    "TRADE C" : "16",
    "TRADE D" : "30"
    },
    {
    "vendor" : "Vendor 5",
    "TRADE A" : "5",
    "TRADE B" : "11",
    "TRADE C" : "N/A",
    "TRADE D" : "30"
    }
    ]